<repository>
<link linkType="Generated" source="1" target="2"/>
<link linkType="Generated" source="3" target="4"/>
<link linkType="Generated" source="5" target="6"/>
<link linkType="Generated" source="7" target="8"/>
<link linkType="Generated" source="9" target="10"/>
<link linkType="Generated" source="11" target="12"/>
<link linkType="Generated" source="11" target="13"/>
<link linkType="Generated" source="14" target="15"/>
<link linkType="Generated" source="14" target="13"/>
<link linkType="Generated" source="16" target="17"/>
<link linkType="Generated" source="18" target="19"/>
<link linkType="Generated" source="20" target="21"/>
<link linkType="Generated" source="22" target="23"/>
<link linkType="Generated" source="24" target="25"/>
<link linkType="Generated" source="26" target="27"/>
<link linkType="Generated" source="28" target="29"/>
<link linkType="Generated" source="30" target="31"/>
<link linkType="Generated" source="32" target="33"/>
<link linkType="Generated" source="34" target="35"/>
<link linkType="Generated" source="36" target="37"/>
<link linkType="Generated" source="38" target="39"/>
<link linkType="Generated" source="40" target="41"/>
<link linkType="Generated" source="42" target="43"/>
<link linkType="Generated" source="44" target="45"/>
<link linkType="Generated" source="46" target="47"/>
<link linkType="Generated" source="48" target="49"/>
<link linkType="Generated" source="50" target="51"/>
<link linkType="Generated" source="52" target="53"/>
<link linkType="Generated" source="54" target="55"/>
<link linkType="Generated" source="56" target="57"/>
<link linkType="Generated" source="58" target="59"/>
<link linkType="Generated" source="60" target="61"/>
<link linkType="Generated" source="62" target="63"/>
<link linkType="Generated" source="64" target="65"/>
<link linkType="Generated" source="66" target="67"/>
<link linkType="Generated" source="68" target="69"/>
<link linkType="Generated" source="70" target="71"/>
<link linkType="Generated" source="72" target="73"/>
<link linkType="Generated" source="74" target="75"/>
<link linkType="Generated" source="76" target="77"/>
<link linkType="Generated" source="78" target="79"/>
<link linkType="Generated" source="80" target="81"/>
<link linkType="Generated" source="82" target="83"/>
<link linkType="Generated" source="84" target="85"/>
<link linkType="Generated" source="86" target="87"/>
<link linkType="Generated" source="88" target="89"/>
<link linkType="Generated" source="90" target="91"/>
<link linkType="Generated" source="92" target="93"/>
<link linkType="Generated" source="94" target="95"/>
<link linkType="Generated" source="96" target="97"/>
<link linkType="Generated" source="98" target="99"/>
<link linkType="Generated" source="100" target="101"/>
<link linkType="Generated" source="102" target="103"/>
<link linkType="Generated" source="104" target="105"/>
<link linkType="Generated" source="106" target="107"/>
<link linkType="Generated" source="108" target="109"/>
<link linkType="Generated" source="110" target="111"/>
<link linkType="Generated" source="112" target="113"/>
<link linkType="Generated" source="114" target="115"/>
<link linkType="Generated" source="116" target="117"/>
<link linkType="Generated" source="118" target="119"/>
<link linkType="Generated" source="120" target="121"/>
<link linkType="Generated" source="122" target="123"/>
<link linkType="Generated" source="124" target="125"/>
<link linkType="Generated" source="126" target="127"/>
<link linkType="Generated" source="128" target="129"/>
<link linkType="Generated" source="130" target="131"/>
<link linkType="Generated" source="132" target="133"/>
<link linkType="Generated" source="134" target="135"/>
<link linkType="Generated" source="136" target="137"/>
<link linkType="Generated" source="138" target="139"/>
<link linkType="Generated" source="138" target="139"/>
<link linkType="Generated" source="140" target="141"/>
<link linkType="Generated" source="142" target="143"/>
<link linkType="Generated" source="144" target="145"/>
<link linkType="Generated" source="146" target="147"/>
<link linkType="Generated" source="148" target="149"/>
<link linkType="Generated" source="150" target="151"/>
<link linkType="Generated" source="150" target="152"/>
<link linkType="Generated" source="153" target="154"/>
<link linkType="Generated" source="155" target="156"/>
<link linkType="Generated" source="157" target="158"/>
<link linkType="Generated" source="159" target="160"/>
<link linkType="Generated" source="161" target="162"/>
<link linkType="Generated" source="163" target="164"/>
<link linkType="Generated" source="165" target="166"/>
<link linkType="Generated" source="167" target="168"/>
<link linkType="Generated" source="169" target="170"/>
<link linkType="Generated" source="171" target="172"/>
<link linkType="Generated" source="173" target="174"/>
<link linkType="Generated" source="175" target="176"/>
<link linkType="Generated" source="177" target="178"/>
<link linkType="Generated" source="179" target="180"/>
<link linkType="Generated" source="181" target="182"/>
<link linkType="Generated" source="183" target="184"/>
<link linkType="Generated" source="185" target="186"/>
<link linkType="Generated" source="187" target="188"/>
<link linkType="Generated" source="189" target="190"/>
<link linkType="Generated" source="191" target="192"/>
<link linkType="Generated" source="193" target="194"/>
<link linkType="Generated" source="195" target="196"/>
<link linkType="Generated" source="195" target="197"/>
<link linkType="Generated" source="198" target="199"/>
<link linkType="Generated" source="200" target="201"/>
<link linkType="Generated" source="202" target="203"/>
<link linkType="Generated" source="204" target="205"/>
<link linkType="Generated" source="206" target="207"/>
<link linkType="Generated" source="208" target="209"/>
<link linkType="Generated" source="210" target="211"/>
<link linkType="Generated" source="212" target="213"/>
<link linkType="Generated" source="214" target="215"/>
<link linkType="Generated" source="216" target="217"/>
<link linkType="Generated" source="218" target="219"/>
<link linkType="Generated" source="220" target="221"/>
<link linkType="Generated" source="220" target="222"/>
<link linkType="Generated" source="223" target="224"/>
<link linkType="Generated" source="223" target="222"/>
<link linkType="Generated" source="225" target="226"/>
<link linkType="Generated" source="225" target="222"/>
<link linkType="Generated" source="227" target="228"/>
<link linkType="Generated" source="229" target="230"/>
<link linkType="Generated" source="231" target="232"/>
<link linkType="Generated" source="233" target="234"/>
<link linkType="Generated" source="235" target="236"/>
<link linkType="Generated" source="18" target="19"/>
<link linkType="Generated" source="237" target="238"/>
<link linkType="Generated" source="36" target="37"/>
<link linkType="Generated" source="239" target="240"/>
<link linkType="Generated" source="30" target="31"/>
<link linkType="Generated" source="241" target="242"/>
<link linkType="Generated" source="243" target="244"/>
<link linkType="Generated" source="245" target="246"/>
<link linkType="Generated" source="247" target="248"/>
<link linkType="Generated" source="249" target="250"/>
<link linkType="Generated" source="251" target="252"/>
<link linkType="Generated" source="253" target="254"/>
<link linkType="Generated" source="255" target="256"/>
<link linkType="Generated" source="257" target="258"/>
<link linkType="Generated" source="259" target="260"/>
<link linkType="Generated" source="259" target="261"/>
<link linkType="Generated" source="262" target="263"/>
<link linkType="Generated" source="264" target="265"/>
<link linkType="Generated" source="266" target="267"/>
<link linkType="Generated" source="268" target="269"/>
<link linkType="Generated" source="268" target="270"/>
<link linkType="Generated" source="271" target="272"/>
<link linkType="Generated" source="273" target="274"/>
<link linkType="Generated" source="275" target="276"/>
<link linkType="Generated" source="277" target="278"/>
<link linkType="Generated" source="277" target="279"/>
<link linkType="Generated" source="280" target="281"/>
<link linkType="Generated" source="282" target="283"/>
<link linkType="Generated" source="284" target="285"/>
<link linkType="Generated" source="286" target="287"/>
<link linkType="Generated" source="288" target="289"/>
<link linkType="Generated" source="290" target="291"/>
<link linkType="Generated" source="292" target="293"/>
<link linkType="Generated" source="294" target="295"/>
<link linkType="Generated" source="296" target="297"/>
<link linkType="Generated" source="298" target="299"/>
<link linkType="Generated" source="300" target="301"/>
<link linkType="Generated" source="300" target="302"/>
<link linkType="Generated" source="303" target="304"/>
<link linkType="Generated" source="303" target="302"/>
<link linkType="Generated" source="305" target="306"/>
<link linkType="Generated" source="307" target="308"/>
<link linkType="Generated" source="309" target="310"/>
<link linkType="Generated" source="311" target="312"/>
<link linkType="Generated" source="313" target="314"/>
<link linkType="Generated" source="313" target="315"/>
<link linkType="Generated" source="316" target="317"/>
<link linkType="Generated" source="318" target="319"/>
<link linkType="Generated" source="320" target="321"/>
<link linkType="Generated" source="322" target="323"/>
<link linkType="Generated" source="324" target="325"/>
<link linkType="Generated" source="326" target="327"/>
<link linkType="Generated" source="328" target="329"/>
<link linkType="Generated" source="330" target="331"/>
<link linkType="Generated" source="332" target="333"/>
<link linkType="Generated" source="334" target="335"/>
<link linkType="Generated" source="336" target="337"/>
<link linkType="Generated" source="338" target="339"/>
<link linkType="Generated" source="340" target="341"/>
<link linkType="Generated" source="342" target="343"/>
<link linkType="Generated" source="344" target="345"/>
<link linkType="Generated" source="346" target="347"/>
<link linkType="Generated" source="348" target="349"/>
<link linkType="Generated" source="350" target="351"/>
<link linkType="Generated" source="352" target="353"/>
<link linkType="Generated" source="354" target="355"/>
<link linkType="Generated" source="356" target="357"/>
<link linkType="Generated" source="358" target="359"/>
<link linkType="Generated" source="360" target="361"/>
<link linkType="Generated" source="362" target="363"/>
<link linkType="Generated" source="364" target="365"/>
<link linkType="Generated" source="366" target="367"/>
<link linkType="Generated" source="368" target="369"/>
<link linkType="Generated" source="370" target="371"/>
<link linkType="Generated" source="372" target="373"/>
<link linkType="Generated" source="374" target="375"/>
<link linkType="Generated" source="376" target="377"/>
<link linkType="Generated" source="378" target="379"/>
<link linkType="Generated" source="378" target="379"/>
<link linkType="Generated" source="380" target="381"/>
<link linkType="Generated" source="382" target="383"/>
<link linkType="Generated" source="384" target="385"/>
<link linkType="Generated" source="386" target="387"/>
<link linkType="Generated" source="388" target="389"/>
<link linkType="Generated" source="388" target="390"/>
<link linkType="Generated" source="391" target="392"/>
<link linkType="Generated" source="393" target="394"/>
<link linkType="Generated" source="395" target="396"/>
<link linkType="Generated" source="397" target="398"/>
<link linkType="Generated" source="399" target="400"/>
<link linkType="Generated" source="401" target="402"/>
<link linkType="Generated" source="403" target="404"/>
<link linkType="Generated" source="403" target="405"/>
<link linkType="Generated" source="406" target="407"/>
<link linkType="Generated" source="406" target="405"/>
<link linkType="Generated" source="408" target="409"/>
<link linkType="Generated" source="408" target="405"/>
<link linkType="Generated" source="410" target="411"/>
<link linkType="Generated" source="412" target="413"/>
<link linkType="Generated" source="414" target="415"/>
<link linkType="Generated" source="416" target="417"/>
<link linkType="Generated" source="418" target="419"/>
<link linkType="Generated" source="420" target="421"/>
<link linkType="Generated" source="422" target="423"/>
<link linkType="Generated" source="424" target="425"/>
<link linkType="Generated" source="426" target="427"/>
<link linkType="Generated" source="428" target="429"/>
<link linkType="Generated" source="430" target="431"/>
<link linkType="Generated" source="30" target="31"/>
<link linkType="Generated" source="432" target="433"/>
<link linkType="Generated" source="434" target="435"/>
<link linkType="Generated" source="436" target="437"/>
<link linkType="Generated" source="438" target="439"/>
<link linkType="Generated" source="440" target="441"/>
<link linkType="Generated" source="442" target="443"/>
<link linkType="Generated" source="36" target="37"/>
<link linkType="Generated" source="444" target="445"/>
<link linkType="Generated" source="446" target="447"/>
<link linkType="Generated" source="18" target="19"/>
<link linkType="Generated" source="448" target="449"/>
<link linkType="Generated" source="450" target="451"/>
<link linkType="Generated" source="452" target="453"/>
<link linkType="Generated" source="454" target="455"/>
<link linkType="Generated" source="456" target="457"/>
<link linkType="Generated" source="458" target="459"/>
<link linkType="Generated" source="460" target="461"/>
<link linkType="Generated" source="462" target="463"/>
<link linkType="Generated" source="464" target="465"/>
<link linkType="Generated" source="466" target="467"/>
<link linkType="Generated" source="468" target="469"/>
<link linkType="Generated" source="470" target="471"/>
<link linkType="Generated" source="472" target="473"/>
<link linkType="Generated" source="474" target="475"/>
<link linkType="Generated" source="476" target="477"/>
<link linkType="Generated" source="478" target="479"/>
<link linkType="Generated" source="480" target="481"/>
<link linkType="Generated" source="482" target="483"/>
<link linkType="Generated" source="484" target="485"/>
<link linkType="Generated" source="486" target="487"/>
<link linkType="Generated" source="488" target="489"/>
<link linkType="Generated" source="490" target="491"/>
<link linkType="Generated" source="492" target="493"/>
<link linkType="Generated" source="494" target="495"/>
<link linkType="Generated" source="496" target="497"/>
<link linkType="Generated" source="498" target="499"/>
<link linkType="Generated" source="500" target="501"/>
<link linkType="Generated" source="500" target="502"/>
<link linkType="Generated" source="503" target="504"/>
<link linkType="Generated" source="505" target="506"/>
<link linkType="Generated" source="507" target="508"/>
<link linkType="Generated" source="509" target="510"/>
<link linkType="Generated" source="511" target="512"/>
<link linkType="Generated" source="513" target="514"/>
<link linkType="Generated" source="515" target="516"/>
<link linkType="Generated" source="517" target="518"/>
<link linkType="Generated" source="519" target="520"/>
<link linkType="Generated" source="519" target="521"/>
<link linkType="Generated" source="522" target="523"/>
<link linkType="Generated" source="524" target="525"/>
<link linkType="Generated" source="526" target="527"/>
<link linkType="Generated" source="528" target="529"/>
<link linkType="Generated" source="530" target="531"/>
<link linkType="Generated" source="532" target="533"/>
<link linkType="Generated" source="534" target="535"/>
<link linkType="Generated" source="536" target="537"/>
<link linkType="Generated" source="538" target="539"/>
<link linkType="Generated" source="540" target="541"/>
<link linkType="Generated" source="542" target="543"/>
<link linkType="Generated" source="544" target="545"/>
<link linkType="Generated" source="546" target="547"/>
<link linkType="Generated" source="548" target="549"/>
<link linkType="Generated" source="550" target="551"/>
<link linkType="Generated" source="552" target="553"/>
<link linkType="Generated" source="552" target="554"/>
<link linkType="Generated" source="555" target="556"/>
<link linkType="Generated" source="557" target="558"/>
<link linkType="Generated" source="559" target="560"/>
<link linkType="Generated" source="561" target="562"/>
<link linkType="Generated" source="561" target="563"/>
<link linkType="Generated" source="564" target="565"/>
<link linkType="Generated" source="566" target="567"/>
<link linkType="Generated" source="568" target="569"/>
<link linkType="Generated" source="570" target="571"/>
<link linkType="Generated" source="572" target="573"/>
<link linkType="Generated" source="574" target="575"/>
<link linkType="Generated" source="574" target="576"/>
<link linkType="Generated" source="577" target="578"/>
<link linkType="Generated" source="579" target="580"/>
<link linkType="Generated" source="581" target="582"/>
<link linkType="Generated" source="583" target="584"/>
<link linkType="Generated" source="583" target="585"/>
<link linkType="Generated" source="586" target="587"/>
<link linkType="Generated" source="588" target="589"/>
<link linkType="Generated" source="590" target="591"/>
<link linkType="Generated" source="592" target="593"/>
<link linkType="Generated" source="594" target="595"/>
<link linkType="Generated" source="596" target="597"/>
<link linkType="Generated" source="598" target="599"/>
<link linkType="Generated" source="600" target="601"/>
<link linkType="Generated" source="602" target="603"/>
<link linkType="Generated" source="604" target="605"/>
<link linkType="Generated" source="606" target="607"/>
<link linkType="Generated" source="608" target="609"/>
<link linkType="Generated" source="610" target="611"/>
<link linkType="Generated" source="612" target="613"/>
<link linkType="Generated" source="614" target="615"/>
<link linkType="Generated" source="616" target="617"/>
<link linkType="Generated" source="618" target="619"/>
<link linkType="Generated" source="620" target="621"/>
<link linkType="Generated" source="622" target="623"/>
<link linkType="Generated" source="624" target="625"/>
<link linkType="Generated" source="626" target="627"/>
<link linkType="Generated" source="628" target="629"/>
<link linkType="Generated" source="630" target="631"/>
<link linkType="Generated" source="632" target="633"/>
<link linkType="Generated" source="634" target="635"/>
<link linkType="Generated" source="636" target="637"/>
<link linkType="Generated" source="638" target="639"/>
<link linkType="Generated" source="640" target="641"/>
<link linkType="Generated" source="642" target="643"/>
<link linkType="Generated" source="644" target="645"/>
<link linkType="Generated" source="644" target="645"/>
<link linkType="Generated" source="646" target="647"/>
<link linkType="Generated" source="648" target="649"/>
<link linkType="Generated" source="650" target="651"/>
<link linkType="Generated" source="652" target="653"/>
<link linkType="Generated" source="652" target="654"/>
<link linkType="Generated" source="655" target="656"/>
<link linkType="Generated" source="657" target="658"/>
<link linkType="Generated" source="659" target="660"/>
<link linkType="Generated" source="661" target="662"/>
<link linkType="Generated" source="663" target="664"/>
<link linkType="Generated" source="665" target="666"/>
<link linkType="Generated" source="667" target="668"/>
<link linkType="Generated" source="669" target="670"/>
<link linkType="Generated" source="669" target="671"/>
<link linkType="Generated" source="672" target="673"/>
<link linkType="Generated" source="674" target="675"/>
<link linkType="Generated" source="676" target="677"/>
<link linkType="Generated" source="678" target="679"/>
<link linkType="Generated" source="680" target="681"/>
<link linkType="Generated" source="682" target="683"/>
<link linkType="Generated" source="684" target="685"/>
<link linkType="Generated" source="686" target="687"/>
<link linkType="Generated" source="686" target="688"/>
<link linkType="Generated" source="689" target="690"/>
<link linkType="Generated" source="691" target="692"/>
<link linkType="Generated" source="693" target="694"/>
<link linkType="Generated" source="695" target="696"/>
<link linkType="Generated" source="697" target="698"/>
<link linkType="Generated" source="699" target="700"/>
<link linkType="Generated" source="30" target="31"/>
<link linkType="Generated" source="701" target="702"/>
<link linkType="Generated" source="36" target="37"/>
<link linkType="Generated" source="703" target="704"/>
<link linkType="Generated" source="18" target="19"/>
<link linkType="Generated" source="705" target="706"/>
<link linkType="Generated" source="707" target="708"/>
<link linkType="Generated" source="709" target="710"/>
<link linkType="Generated" source="711" target="712"/>
<link linkType="Generated" source="713" target="714"/>
<link linkType="Generated" source="715" target="716"/>
<link linkType="Generated" source="715" target="717"/>
<link linkType="Generated" source="718" target="719"/>
<link linkType="Generated" source="720" target="721"/>
<link linkType="Generated" source="722" target="723"/>
<link linkType="Generated" source="724" target="725"/>
<link linkType="Generated" source="726" target="727"/>
<link linkType="Generated" source="728" target="729"/>
<link linkType="Generated" source="730" target="731"/>
<link linkType="Generated" source="732" target="733"/>
<link linkType="Generated" source="732" target="733"/>
<link linkType="Generated" source="734" target="735"/>
<link linkType="Generated" source="736" target="737"/>
<link linkType="Generated" source="738" target="739"/>
<link linkType="Generated" source="18" target="19"/>
<link linkType="Generated" source="740" target="741"/>
<link linkType="Generated" source="742" target="743"/>
<link linkType="Generated" source="30" target="31"/>
<link linkType="Generated" source="744" target="745"/>
<link linkType="Generated" source="746" target="747"/>
<link linkType="Generated" source="748" target="749"/>
<link linkType="Generated" source="750" target="751"/>
<link linkType="Generated" source="752" target="753"/>
<link linkType="Generated" source="754" target="755"/>
<link linkType="Generated" source="756" target="757"/>
<link linkType="Generated" source="758" target="759"/>
<link linkType="Generated" source="760" target="761"/>
<link linkType="Generated" source="36" target="37"/>
<link linkType="Generated" source="762" target="763"/>
<link linkType="Generated" source="764" target="765"/>
<link linkType="Generated" source="766" target="767"/>
<link linkType="Generated" source="768" target="769"/>
<link linkType="Generated" source="770" target="771"/>
<link linkType="Generated" source="772" target="773"/>
<link linkType="Generated" source="774" target="775"/>
<link linkType="Generated" source="774" target="776"/>
<link linkType="Generated" source="777" target="778"/>
<link linkType="Generated" source="777" target="776"/>
<link linkType="Generated" source="779" target="780"/>
<link linkType="Generated" source="779" target="776"/>
<link linkType="Generated" source="781" target="782"/>
<link linkType="Generated" source="781" target="776"/>
<link linkType="Generated" source="783" target="784"/>
<link linkType="Generated" source="785" target="786"/>
<link linkType="Generated" source="787" target="788"/>
<link linkType="Generated" source="789" target="790"/>
<link linkType="Generated" source="791" target="792"/>
<link linkType="Generated" source="793" target="794"/>
<link linkType="Generated" source="793" target="795"/>
<link linkType="Generated" source="796" target="797"/>
<link linkType="Generated" source="796" target="795"/>
<link linkType="Generated" source="798" target="799"/>
<link linkType="Generated" source="800" target="801"/>
<link linkType="Generated" source="802" target="803"/>
<link linkType="Generated" source="804" target="805"/>
<link linkType="Generated" source="806" target="807"/>
<link linkType="Generated" source="808" target="809"/>
<link linkType="Generated" source="810" target="811"/>
<link linkType="Generated" source="812" target="813"/>
<link linkType="Generated" source="812" target="814"/>
<link linkType="Generated" source="815" target="816"/>
<link linkType="Generated" source="817" target="818"/>
<link linkType="Generated" source="817" target="819"/>
<link linkType="Generated" source="820" target="821"/>
<link linkType="Generated" source="822" target="823"/>
<link linkType="Generated" source="824" target="825"/>
<link linkType="Generated" source="826" target="827"/>
<link linkType="Generated" source="828" target="829"/>
<link linkType="Generated" source="830" target="831"/>
<link linkType="Generated" source="832" target="833"/>
<link linkType="Generated" source="832" target="834"/>
<link linkType="Generated" source="835" target="836"/>
<link linkType="Generated" source="837" target="838"/>
<link linkType="Generated" source="837" target="839"/>
<link linkType="Generated" source="840" target="841"/>
<link linkType="Generated" source="842" target="843"/>
<link linkType="Generated" source="844" target="845"/>
<link linkType="Generated" source="846" target="847"/>
<link linkType="Generated" source="848" target="849"/>
<link linkType="Generated" source="848" target="850"/>
<link linkType="Generated" source="851" target="852"/>
<link linkType="Generated" source="853" target="854"/>
<link linkType="Generated" source="853" target="855"/>
<link linkType="Generated" source="856" target="857"/>
<link linkType="Generated" source="858" target="859"/>
<link linkType="Generated" source="860" target="861"/>
<link linkType="Generated" source="862" target="863"/>
<link linkType="Generated" source="864" target="865"/>
<link linkType="Generated" source="866" target="867"/>
<link linkType="Generated" source="868" target="869"/>
<link linkType="Generated" source="870" target="871"/>
<link linkType="Generated" source="872" target="873"/>
<link linkType="Generated" source="874" target="875"/>
<link linkType="Generated" source="876" target="877"/>
<link linkType="Generated" source="878" target="879"/>
<link linkType="Generated" source="880" target="881"/>
<link linkType="Generated" source="882" target="883"/>
<link linkType="Generated" source="884" target="885"/>
<link linkType="Generated" source="886" target="887"/>
<link linkType="Generated" source="886" target="888"/>
<link linkType="Generated" source="889" target="890"/>
<link linkType="Generated" source="891" target="892"/>
<link linkType="Generated" source="893" target="894"/>
<link linkType="Generated" source="895" target="896"/>
<link linkType="Generated" source="897" target="898"/>
<link linkType="Generated" source="899" target="900"/>
<link linkType="Generated" source="901" target="902"/>
<link linkType="Generated" source="903" target="904"/>
<link linkType="Generated" source="905" target="906"/>
<link linkType="Generated" source="907" target="908"/>
<link linkType="Generated" source="909" target="910"/>
<link linkType="Generated" source="911" target="912"/>
<link linkType="Generated" source="913" target="914"/>
<link linkType="Generated" source="915" target="916"/>
<link linkType="Generated" source="917" target="918"/>
<link linkType="Generated" source="919" target="920"/>
<link linkType="Generated" source="921" target="922"/>
<link linkType="Generated" source="923" target="924"/>
<link linkType="Generated" source="925" target="926"/>
<link linkType="Generated" source="925" target="927"/>
<link linkType="Generated" source="928" target="929"/>
<link linkType="Generated" source="930" target="931"/>
<link linkType="Generated" source="932" target="933"/>
<link linkType="Generated" source="934" target="935"/>
<link linkType="Generated" source="936" target="937"/>
<link linkType="Generated" source="938" target="939"/>
<link linkType="Generated" source="940" target="941"/>
<link linkType="Generated" source="942" target="943"/>
<link linkType="Generated" source="944" target="945"/>
<link linkType="Generated" source="946" target="947"/>
<link linkType="Generated" source="948" target="949"/>
<link linkType="Generated" source="948" target="950"/>
<link linkType="Generated" source="951" target="952"/>
<link linkType="Generated" source="953" target="954"/>
<link linkType="Generated" source="955" target="956"/>
<link linkType="Generated" source="957" target="958"/>
<link linkType="Generated" source="959" target="960"/>
<link linkType="Generated" source="961" target="962"/>
<link linkType="Generated" source="963" target="964"/>
<link linkType="Generated" source="965" target="966"/>
<link linkType="Generated" source="967" target="968"/>
<link linkType="Generated" source="969" target="970"/>
<link linkType="Generated" source="969" target="971"/>
<link linkType="Generated" source="972" target="973"/>
<link linkType="Generated" source="974" target="975"/>
<link linkType="Generated" source="976" target="977"/>
<link linkType="Generated" source="978" target="979"/>
<link linkType="Generated" source="980" target="981"/>
<link linkType="Generated" source="982" target="983"/>
<link linkType="Generated" source="984" target="985"/>
<link linkType="Generated" source="986" target="987"/>
<link linkType="Generated" source="988" target="989"/>
<link linkType="Generated" source="990" target="991"/>
<link linkType="Generated" source="992" target="993"/>
<link linkType="Generated" source="994" target="995"/>
<link linkType="Generated" source="996" target="997"/>
<link linkType="Generated" source="998" target="999"/>
<link linkType="Generated" source="1000" target="1001"/>
<link linkType="Generated" source="1002" target="1003"/>
<link linkType="Generated" source="1004" target="1005"/>
<link linkType="Generated" source="1006" target="1007"/>
<link linkType="Generated" source="1008" target="1009"/>
<link linkType="Generated" source="1010" target="1011"/>
<link linkType="Generated" source="1012" target="1013"/>
<link linkType="Generated" source="1014" target="1015"/>
<link linkType="Generated" source="1016" target="1017"/>
<link linkType="Generated" source="1018" target="1019"/>
<link linkType="Generated" source="1020" target="1021"/>
<link linkType="Generated" source="1022" target="1023"/>
<link linkType="Generated" source="1024" target="1025"/>
<link linkType="Generated" source="1026" target="1027"/>
<link linkType="Generated" source="1028" target="1029"/>
<link linkType="Generated" source="1030" target="1031"/>
<link linkType="Generated" source="1032" target="1033"/>
<link linkType="Generated" source="1034" target="1035"/>
<link linkType="Generated" source="1036" target="1037"/>
<link linkType="Generated" source="1038" target="1039"/>
<link linkType="Generated" source="1040" target="1041"/>
<link linkType="Generated" source="1042" target="1043"/>
<link linkType="Generated" source="1044" target="1045"/>
<link linkType="Generated" source="1044" target="1045"/>
</repository>